Wavenumber,Spectrum(21)_1,Spectrum(21)_2,Spectrum(21)_3
500.0,2.2190120567419087,4.2782498426788775,8.867112324636876
501.28205128205127,2.8530543505511283,4.8944528350243095,8.75400894891355
502.56410256410254,2.2220817460865354,4.711688443185427,9.121833452005697
503.84615384615387,2.9591027858726138,3.724845988930345,9.086401490768768
505.12820512820514,2.147402448629422,4.052144014895878,8.274817026098882
506.4102564102564,2.145512019605567,3.9402642671201167,9.04994592055885
507.6923076923077,2.266106551488486,4.548808158633758,8.898963893634466
508.97435897435895,2.380041750235112,4.219952786060593,8.289673145417492
510.2564102564103,2.0703868050334733,4.2931599186351574,8.634261437768386
511.53846153846155,2.5237677254700683,4.208347273418493,9.092643817348941
512.8205128205128,2.169478609164062,4.0974789668872695,8.524053872014377
514.1025641025641,1.974795070909665,5.000547723401023,9.340864239896211
515.3846153846154,2.26841299840558,4.184344192183533,9.19708694125003
516.6666666666666,2.3615511517608456,4.3369068838787115,9.131099981440636
517.9487179487179,2.349826245547409,4.103742227838032,8.780035482879288
519.2307692307693,2.2871426408039333,4.18529645709269,9.233393253434635
520.5128205128206,2.218665643224089,4.329371931708227,9.534467830292856
521.7948717948718,1.725532778405324,4.372506255698553,9.085760095567682
523.0769230769231,1.8802098575543984,4.309278469961517,8.691787748943892
524.3589743589744,2.219647436184317,4.125737137906843,8.805940250971757
525.6410256410256,2.560887406321369,4.495170653898235,8.849033216995892
526.9230769230769,2.4023255636818788,4.783742934454267,8.262839473214266
528.2051282051282,1.9631277550674873,3.882908559638985,8.445495544881945
529.4871794871794,2.662400142528856,4.116466043070655,8.935398182413083
530.7692307692307,2.277112022982166,4.356364164784702,9.059175255719662
532.0512820512821,2.624513082089971,4.431133623524907,8.895536920680719
533.3333333333334,2.6130551255024534,4.597817064437306,8.966987461359405
534.6153846153846,2.1953866607505934,4.141300726569727,8.408890747900339
535.8974358974359,2.3972489316374346,4.677344686808358,9.34760556440366
537.1794871794872,2.023276464167677,4.684978583877923,8.924849964560773
538.4615384615385,2.3262999996747524,4.526386495154556,8.617918151607606
539.7435897435897,2.214807673286531,4.171131546476832,9.122365280212204
541.025641025641,2.2850220854836176,3.9812383489590184,8.609291617465807
542.3076923076923,2.347551929468431,4.2165392482585435,8.980596061432959
543.5897435897436,2.7307737478186236,4.425365725540426,9.060861971500627
544.8717948717949,2.0593589737697138,4.360238079814174,9.376314774243122
546.1538461538462,1.9034279309511801,4.760371937559046,8.575068345907487
547.4358974358975,2.6920584634724793,4.279767065936064,8.514253975436732
548.7179487179487,2.749103298876271,4.714513527089463,8.892810236770378
550.0,1.905044386929649,4.324029112924883,9.117830115445509
551.2820512820513,2.0938035897996423,4.8827077501451885,9.124984122090344
552.5641025641025,2.4099771575540183,4.5820237021769055,8.68866653074031
553.8461538461538,2.228558686493925,4.611124558896531,9.018740331935435
555.1282051282051,2.3578125449440166,4.7021988300610555,9.292325550055562
556.4102564102565,2.2723121435533975,4.628487280987237,9.1711918777566
557.6923076923077,2.0758116496698262,4.19525306501431,8.859009783782195
558.974358974359,2.318984216578457,4.046388999546444,9.001674889854348
560.2564102564103,2.646105353507633,4.729402325117452,8.985754645275213
561.5384615384615,2.4016739072345956,4.720337360376372,9.558376289331575
562.8205128205128,1.4008808020614891,4.289898472009896,9.143589700969661
564.1025641025641,1.8307291506145016,4.332550674272628,8.869349408802181
565.3846153846154,2.4670156806401344,3.891860241003325,9.43734959105962
566.6666666666666,2.7649132931791374,4.273997843307246,8.908604256400029
567.948717948718,1.774958727969009,4.595165740194355,8.304503346356233
569.2307692307693,2.292713440584941,4.622377918016878,9.145365987539556
570.5128205128206,2.149155168243333,4.7626135465118,9.147640434710866
571.7948717948718,2.404753032252847,4.5852584332132515,9.11174883892272
573.0769230769231,2.2591985972733113,4.390618174739147,8.823573852729028
574.3589743589744,2.3860269767282807,4.595385775683862,9.228029630055923
575.6410256410256,2.3372479895932243,4.354415960783776,8.946243368101397
576.9230769230769,2.4627497945703283,4.122833834461715,8.705050663819463
578.2051282051282,2.1936332902800966,4.689903299357933,9.17778441904631
579.4871794871794,2.0806355475561777,4.132512336050502,9.017349446549643
580.7692307692307,2.5904244592310697,4.883157648863105,9.376738321135544
582.0512820512821,2.291117141757976,4.963820585889541,9.946776306804992
583.3333333333334,2.399735286927383,5.0852658085696785,9.685861946896232
584.6153846153846,2.203267478244239,5.397466272159317,9.556123232117931
585.8974358974359,2.315033500515923,4.965889317808006,9.37063206589368
587.1794871794872,2.180349438415868,4.358926667215367,9.576034637219117
588.4615384615385,2.726131323820704,4.900880886066903,9.645830894459168
589.7435897435897,2.0136284113899396,4.757431547796721,10.170096191118235
591.025641025641,2.1268789099541925,4.97855851324958,10.643008472835533
592.3076923076924,2.553324521947537,5.057036040275842,10.533721146675084
593.5897435897436,2.3386416521404927,5.2409767109555245,11.125313141157596
594.8717948717949,2.721735103321931,5.506869373433499,10.44554595502941
596.1538461538462,2.4196751308722484,5.8505372516052105,11.390220505305347
597.4358974358975,3.132083824072458,6.017581361715125,11.05217659194601
598.7179487179487,3.174555347244444,5.436865323935102,11.180047501943902
600.0,2.74633759732848,5.506650716516283,11.469069099599226
601.2820512820513,2.9183880671447784,5.929998054066435,11.947351560369817
602.5641025641025,2.7574216517738632,5.512091097934804,11.385097879772728
603.8461538461538,3.3781352074268187,5.5753506878283625,11.55203375708229
605.1282051282051,3.0195324141930002,5.540563209207744,11.65864286619859
606.4102564102565,2.2703896115870963,5.8073827864920196,11.705484344907951
607.6923076923077,2.9125253590271654,5.649369659170017,11.660313885402394
608.974358974359,2.7676356319724302,5.67940324554439,11.189227159237298
610.2564102564103,2.785084254441882,5.142476663399424,11.72421785249262
611.5384615384615,2.8772104103337615,5.362272555661739,10.727016736008176
612.8205128205128,2.689540282342717,5.029814206224425,10.794880896469747
614.1025641025641,3.0656035532544585,5.338673818645891,10.509079534440957
615.3846153846154,2.6699196070819515,5.003333256383064,10.819020840746413
616.6666666666666,2.6717163051332884,5.168573173116789,10.643401675982778
617.948717948718,2.2349719476851497,5.199002173173018,10.023160640728483
619.2307692307693,2.8383766159303043,5.171481080466869,10.400892014471006
620.5128205128206,3.089493175957599,5.452961637680841,10.531337177152448
621.7948717948718,2.473168841278879,4.82585954291592,10.051620728543089
623.0769230769231,2.380512544053433,4.298525516302428,10.122829103364309
624.3589743589744,2.0512120850614592,5.150429907172753,9.762476480268147
625.6410256410256,2.362979640717298,5.118127162999476,9.846157615603818
626.9230769230769,2.745122562781797,4.86574547329635,9.572101907632014
628.2051282051282,2.626911719182374,4.582136141375118,10.207583370585375
629.4871794871794,2.8245555452792055,5.115360982758077,10.218224592592701
630.7692307692307,2.277373311002686,5.235542502134765,9.743585160344708
632.0512820512821,2.4651909857510463,4.632304525831778,10.321178073186688
633.3333333333334,1.9783577137268908,5.15764264241208,9.474198562304085
634.6153846153846,2.3889150894237936,5.134559020749144,10.274010978933774
635.8974358974359,2.3207055176526628,5.285395429649516,10.12405533805848
637.1794871794872,2.2844949497760867,5.176453043976374,10.339581880547195
638.4615384615385,2.704446399451129,4.919728328789377,10.16923781467051
639.7435897435897,2.2791699859414107,4.723534708547532,10.51592302217069
641.0256410256411,2.5472881807622945,5.279063409114335,10.121293723237295
642.3076923076924,2.8824757755325217,5.044479941939185,10.53594177573677
643.5897435897436,2.4404631206099205,5.612038633288942,10.15729727348129
644.8717948717949,2.4667383558049947,5.688736036954973,10.271950517381535
646.1538461538462,2.8895874328761324,5.2827102867914055,10.879189045045853
647.4358974358975,2.614519877191325,5.207094434776503,10.85970307840371
648.7179487179487,2.6882786725585,5.15679661182529,11.064957061372516
650.0,3.2502133315870907,5.596668608484054,11.188653947321944
651.2820512820513,3.149920934190312,5.789373775402186,10.850879708136953
652.5641025641025,2.795005470937333,5.817125490857327,10.729351853023983
653.8461538461538,2.9210116236999273,5.966810383939311,11.344458889565509
655.1282051282051,2.4150995503657757,5.596248834834606,10.836406672042193
656.4102564102565,2.817774468555844,5.643438740037994,11.562889676060767
657.6923076923077,3.1806265350933356,5.8719766513257685,11.742670511648258
658.974358974359,3.1280279148274035,6.201777778731985,11.308028669321846
660.2564102564103,2.8897681833061784,5.862019432078247,11.56383072672959
661.5384615384615,2.266595153124888,5.342147308140117,11.684256175390427
662.8205128205128,2.3498287829965725,5.576623229563196,11.802966636326445
664.1025641025641,2.7393408452368244,5.726548306549034,11.920614410123841
665.3846153846154,2.818068295084963,5.63449779381199,11.30954950052456
666.6666666666667,2.812183822693651,5.782245917140824,12.033152383426536
667.948717948718,2.8581865853343946,5.822061129884517,11.49333313752699
669.2307692307693,2.971723392960402,5.997524506504628,11.388353443321495
670.5128205128206,2.523439213560377,5.3456756026872085,11.460250145779186
671.7948717948718,3.1613737542737033,5.725060501881811,11.168703411742076
673.0769230769231,3.270134958519332,5.812027118989696,10.540386481855835
674.3589743589744,2.717490322208171,6.029599304001616,11.47512219502811
675.6410256410256,2.75857076642421,5.936348564872533,10.763962531512156
676.9230769230769,2.620984353821447,5.442092323546399,11.01652482560307
678.2051282051282,2.4301263320461293,4.962590333098459,10.662518352840072
679.4871794871794,2.72697593995331,5.331848335793762,10.249785323415313
680.7692307692307,2.783695792563981,5.044497107263014,10.672807022294842
682.0512820512821,2.431876363054745,5.696854230450177,10.455728175320774
683.3333333333334,2.9476229139838743,5.112532884409019,10.19829492015024
684.6153846153846,2.7672232942636428,5.415017432813345,10.50540773483055
685.8974358974359,2.91063617938049,5.560978088385129,10.4849128347707
687.1794871794872,3.4760985768627615,5.216930653343147,10.573229964822989
688.4615384615385,2.6669641886301267,5.504456643533898,10.387298250284974
689.7435897435897,2.927067245270503,5.469663186592482,10.463151245592911
691.0256410256411,2.8218006446639077,5.307210305838255,10.491508050263612
692.3076923076924,2.6811814596232715,4.9618359080183305,10.330633103157014
693.5897435897436,2.9694116761416285,5.137354060280826,10.096106337502198
694.8717948717949,3.2383908667406645,5.263628182042814,10.442083528641394
696.1538461538462,2.8621764957280416,5.648375617226498,10.278356463595268
697.4358974358975,2.911902840177026,5.1551525390926,10.624758418499447
698.7179487179487,2.1343430223519944,5.28973558721028,10.024046760229897
700.0,2.43711602552413,4.774107528393755,9.972762130532793
701.2820512820513,2.7295502867319805,4.831540662765956,10.237924223347155
702.5641025641025,2.5834730972712614,5.62926910300165,9.734466473436289
703.8461538461538,2.6678024927851416,4.534049410494704,10.097831931537975
705.1282051282051,2.51495673395988,5.448810151259503,10.26578919873456
706.4102564102565,2.326375342711581,4.979587610332051,10.135662165015619
707.6923076923077,2.3206447469133,5.232078719068242,10.253357629141888
708.974358974359,2.2842491679908177,5.15773622419842,10.091904141181535
710.2564102564103,2.3085659851864873,5.198829971332398,10.044586941043635
711.5384615384615,2.74674620444913,5.029513404750531,10.237105517522961
712.8205128205128,2.694388671091912,4.898842902826788,9.731163581248932
714.1025641025641,2.6133929396628828,4.8320584569935106,10.541632367422425
715.3846153846155,2.9871327360016755,5.293591942322481,9.982839518988964
716.6666666666667,2.361955784314705,5.592473332210255,9.937314230802798
717.948717948718,2.4972767935323645,5.738297568857944,10.183157418836077
719.2307692307693,2.825670595453161,4.967796748761513,9.824687463873326
720.5128205128206,2.847590266329989,4.741561554440644,9.989267948392937
721.7948717948718,2.6222088581050995,5.010363052737524,10.757324186013538
723.0769230769231,2.8803398498683324,4.812624586058266,10.068157293671304
724.3589743589744,2.4804280013699636,5.107592088681805,10.988328537664756
725.6410256410256,2.656144352379409,4.660881111343912,10.121462024647828
726.9230769230769,2.9552845155976675,5.287813340227648,10.525488377972192
728.2051282051282,2.982676459639708,5.3090812289565354,10.626748817394137
729.4871794871794,2.3424964569264852,5.148078678779354,10.593425918638722
730.7692307692308,2.3975072753360056,5.259111810598479,10.922393735048194
732.0512820512821,2.8861950047288527,4.933986774954769,10.154479576663018
733.3333333333334,2.7501108646196952,5.288047535918078,10.937978200502414
734.6153846153846,2.6778051774137075,5.855730508312693,10.99067863063483
735.8974358974359,2.4822079841011195,4.80358403242593,10.784540031155574
737.1794871794872,2.380507278087624,4.982935298671623,11.546062280033404
738.4615384615385,3.0842854029185403,5.2973681555294885,10.926914121638536
739.7435897435897,2.351473662820432,5.200326456892351,10.698791040385471
741.0256410256411,3.2953713819741584,5.037718269359492,11.214468731571516
742.3076923076924,2.8889872998819435,5.824448660200339,10.46763305592811
743.5897435897436,2.9838741322064313,5.912830808364544,10.961618010559107
744.8717948717949,2.6403885680626185,5.640730778142606,11.013146584766234
746.1538461538462,2.697002064276367,5.562712804886492,11.77821447990917
747.4358974358975,3.2686338583747823,5.757653424784906,11.075663179149242
748.7179487179487,3.2955224383750914,5.775188042960958,11.207627266893057
750.0,2.7572209434006636,5.772197493969865,11.075729605646066
751.2820512820513,2.9283091919737427,5.424336416361299,11.214458447521363
752.5641025641025,2.8533981336216803,6.096501866280136,11.287637883038554
753.8461538461538,2.2028371222324017,6.384927020114578,11.003383684468133
755.1282051282051,2.7038424892605617,5.600420820697895,11.402285893426413
756.4102564102564,2.977458842828913,5.541249495191057,11.290210490256548
757.6923076923077,3.259358341327453,5.720221044065496,10.591419021007145
758.974358974359,2.7269660284627473,6.02765341817737,11.75639326721758
760.2564102564103,2.894609736980421,5.5806068424686845,11.834593443310068
761.5384615384615,3.138099643814098,5.9912877486383245,11.250422939964224
762.8205128205128,2.8910892507963974,5.999829996136395,11.257170848088748
764.1025641025642,3.0877922093156425,5.830935831150718,11.405572673915843
765.3846153846155,2.9452510961902743,5.022954935553897,11.435594932399471
766.6666666666667,3.057896756643304,5.534911203003581,10.879092916259713
767.948717948718,2.9229491014464117,4.979107478693566,12.132427033137661
769.2307692307693,2.874053172205845,5.964089742062248,11.113598308887424
770.5128205128206,2.5837750890589826,5.510690612777194,11.048708562719998
771.7948717948718,2.8772295646882267,5.946800095169253,10.888941160081009
773.0769230769231,3.3000570523949575,4.992547587732568,11.309994077548339
774.3589743589744,2.5073802461593,5.441151037570565,10.924540125473987
775.6410256410256,2.9200380784924755,5.5828155572018465,11.01955616046637
776.9230769230769,2.96167800002144,5.530081338374739,10.710918558880417
778.2051282051282,2.463801736504672,5.7585999209405925,10.927077547849326
779.4871794871794,2.9598544235791837,5.528763045340908,11.122951584453356
780.7692307692307,2.517048847387199,5.373496518350029,10.78211193308754
782.0512820512821,2.394204512204551,5.1389396057601555,10.945637085711523
783.3333333333334,2.2804392722337163,5.488192224052627,11.170596990871381
784.6153846153846,2.12773700666265,5.7688042656895435,10.59255257666717
785.8974358974359,2.3833616133298565,5.057558647440926,10.515177598324966
787.1794871794872,3.2784309707482175,5.805171089788681,10.509828088654196
788.4615384615386,2.7650126322020725,4.993029767181935,10.43393004764783
789.7435897435898,2.7319425953934338,5.658059548432632,10.231916445769174
791.0256410256411,2.570084982186904,5.899638821748668,10.44710338396983
792.3076923076924,2.3181025540285023,5.389302969044425,10.39874741866398
793.5897435897436,2.4952397733951632,5.279122388749779,10.393185577187758
794.8717948717949,2.7975418606313114,5.257423602621781,10.619262466956306
796.1538461538462,1.795066129887036,5.212672809853457,9.843309067741108
797.4358974358975,2.9288011838666854,4.87221067855804,10.23971856383418
798.7179487179487,2.1590573182963193,4.518557440623429,10.157102705865144
800.0,2.700388852863429,4.551705524751261,10.013420914382229
801.2820512820513,3.0006264558670037,5.671379424558248,10.755958752054918
802.5641025641025,2.7852588878854316,5.436068861851327,10.276873508431528
803.8461538461538,2.2022197175954394,4.77768688039272,10.121559000166863
805.1282051282051,2.61349357937652,5.08694031643696,10.556999342740909
806.4102564102564,1.9131515260893395,5.136418021974346,9.86693132478091
807.6923076923077,2.5038283483494275,5.04376293984056,10.379410701942902
808.974358974359,2.228933335803691,5.514921884248601,10.58102203476565
810.2564102564103,3.133682056975492,5.787371594732331,10.069542366418887
811.5384615384615,2.4936552148922835,5.436308360883991,9.985302313617273
812.8205128205129,2.6244266840793964,4.819695593350363,10.496924444786442
814.1025641025642,2.11430853242232,4.406645012520883,9.75139494974426
815.3846153846155,2.7808077913908145,4.922479721681582,9.874696671064322
816.6666666666667,2.265051142095954,5.2461201716808255,10.321254235515616
817.948717948718,3.0136254616269715,4.735906911096575,10.336782958233043
819.2307692307693,2.5672556573497713,5.354264023165666,10.201335984329376
820.5128205128206,2.4535546405536492,5.298957884739004,10.100182742284353
821.7948717948718,2.478949158978733,4.7698092717256735,10.368047260443195
823.0769230769231,2.4285572293567226,4.942144004768944,10.33105317585618
824.3589743589744,2.5507206733198324,5.293100661116066,10.367967140887508
825.6410256410256,2.7691376237561696,5.338625231767576,10.384680203743597
826.9230769230769,2.3837592820522597,5.06514163630815,10.262992875450124
828.2051282051282,2.520613391504548,5.32850964937616,10.49645304713086
829.4871794871794,2.7439524481748307,4.843045129766865,10.134175302643413
830.7692307692307,2.2246397162887073,5.148168649120651,10.216739146653557
832.0512820512821,2.6783853980283348,4.316957133231556,10.303619096833023
833.3333333333334,2.5618212325717136,5.508636771464391,10.321035722669444
834.6153846153846,2.2648786252294615,4.489133744629696,9.941591035526717
835.8974358974359,2.6667045944589973,4.9617132682669025,9.96170481799933
837.1794871794872,2.8048023684231764,5.351162664008679,10.621282489780997
838.4615384615386,1.7242334989791022,5.616372276935926,10.13364312657361
839.7435897435898,3.166001770925771,5.301806316134787,10.138446768633447
841.0256410256411,2.9890321471575447,5.524277410521326,10.089608019803151
842.3076923076924,2.2385459591331207,4.54298644751555,10.219253441847922
843.5897435897436,2.490115354123131,5.445850850248028,10.410741219239078
844.8717948717949,2.9232752655374283,4.980291738967366,10.028805545295228
846.1538461538462,2.5881576597526794,5.206568970929596,10.565863230872393
847.4358974358975,2.503009701483778,5.339290878585776,9.885926835237855
848.7179487179487,2.665731446812032,4.898093285615044,10.567835785801345
850.0,2.6095515124058424,4.290553577637369,10.096262991385274
851.2820512820513,2.9034687745672954,5.581196186065075,10.180969053536415
852.5641025641025,2.6935298978236695,5.138134409329377,10.507996228438142
853.8461538461538,2.6988667236806476,5.11711542286145,10.145007409223185
855.1282051282051,2.644189731810839,4.977255824718171,10.966806034439267
856.4102564102565,3.051961915443742,5.271056095433661,10.950294763044859
857.6923076923077,2.5462776926478177,5.730557968907992,10.873459347556038
858.974358974359,2.333852203288787,5.5630175335924195,11.39004280272767
860.2564102564103,3.6201059430034004,5.675577327932995,10.646145655064101
861.5384615384615,2.964029483380414,5.32254000589767,10.907566417725556
862.8205128205129,3.229700909913968,5.590158622957358,11.028909836639976
864.1025641025642,3.1619299855416547,6.071929841786501,11.409546721386679
865.3846153846155,2.888491974683623,5.591784605571452,11.599976343982942
866.6666666666667,2.9061644269985134,6.069056117451055,11.992386917127382
867.948717948718,2.7564593302701215,5.4498432202667235,11.595117400268144
869.2307692307693,3.2141890802476194,6.740307551962239,11.580136874992368
870.5128205128206,3.0206954588930532,5.498514888640323,11.063622149617952
871.7948717948718,2.7801320219850894,5.822088349329202,11.555549709838415
873.0769230769231,2.961538694706204,5.816428509114379,11.460534485302022
874.3589743589744,2.504806897844875,5.538494150839897,11.36778360412322
875.6410256410256,2.8926697518690476,5.132797144027553,11.621791632275693
876.9230769230769,3.466802264599144,5.5650856469308225,11.581732785109532
878.2051282051282,2.8852019393178674,6.018563663480018,11.06625438721682
879.4871794871794,2.4072934477590446,5.299227722480977,10.777920707162732
880.7692307692307,1.9452809524092864,5.754135509803462,10.93992060001614
882.0512820512821,2.753954585707404,5.504215917076275,10.420857334447536
883.3333333333334,3.1871727101934786,5.320017034110367,11.305892868352528
884.6153846153846,2.7580809101720125,5.143856564151897,10.91216701687445
885.8974358974359,2.464205963755294,5.441840702631828,10.397413860358393
887.1794871794873,2.887405631798429,5.591234928794593,10.633588904057186
888.4615384615386,3.060879718505649,5.095650898010403,10.009130142164286
889.7435897435898,2.7672550766724435,4.902926624220471,10.737603278933166
891.0256410256411,2.8215765163402766,5.105127561370573,10.520102890497766
892.3076923076924,2.5991520864869773,5.297695629708902,10.08879123438219
893.5897435897436,2.8811058654444492,4.8660261205819175,10.259798807378552
894.8717948717949,3.0944988681600982,5.26554519602782,10.518401754829258
896.1538461538462,3.1274249644917216,5.152047964892377,9.82476589786479
897.4358974358975,2.253935440046959,5.427896787957689,10.288262430732184
898.7179487179487,2.4690351438856597,4.850294713047402,10.238728764174809
900.0,2.4918214108406667,4.445119790114106,10.000884671580089
901.2820512820513,2.2207035727965385,5.010664375666303,9.866499099253842
902.5641025641025,2.4378187838073093,5.227299909856061,10.08082365303004
903.8461538461538,2.148532020672409,5.76225318566585,10.081973311741983
905.1282051282051,2.544838417429225,4.6701255185801624,9.495693271756787
906.4102564102565,2.0835704809948137,4.818731646498826,9.412362895869254
907.6923076923077,2.7053738760066284,4.545857320694665,9.929392829949697
908.974358974359,2.24700152656558,4.922650501398737,9.445274646457506
910.2564102564103,2.2270864344073598,5.307732181627902,9.904078126503807
911.5384615384615,2.6714295845480485,5.5036072001796015,9.02096074616091
912.8205128205129,2.12747848026935,5.022615598034386,9.192860630134625
914.1025641025642,2.5379660405304314,5.3015434012526,9.509369270813286
915.3846153846155,2.6790634644352638,5.098938845492482,9.652586055097006
916.6666666666667,2.3494708505976623,5.177436427992135,9.867319193446109
917.948717948718,1.5970569921125348,4.779509429992706,9.565527232598019
919.2307692307693,2.2493461352125244,5.50516732913695,9.578556373950748
920.5128205128206,1.8991766292626089,5.674873790206676,9.447057174440364
921.7948717948718,2.898477326958725,4.930204236986968,9.7469869436796
923.0769230769231,2.5091247755205517,4.715143289926824,9.51509663485782
924.3589743589744,2.9216304956355645,4.97591795526006,9.197903509412274
925.6410256410256,2.7618364425088515,4.7101323482400455,9.723211452328583
926.9230769230769,1.8641153539052486,4.244861537717529,10.076932883215973
928.2051282051282,2.237117355029769,5.101394546383945,9.851426772028404
929.4871794871794,2.411815926066382,4.916524484738912,9.94160661678682
930.7692307692308,2.0354883079151027,5.059074984918285,9.70246345014718
932.0512820512821,2.8771257304184235,5.373192641398259,9.586902479552505
933.3333333333334,2.304908167964684,5.079096933083233,9.002039800513678
934.6153846153846,2.4876369039402775,5.04291128844665,9.361078024394427
935.8974358974359,1.9655960972871551,4.771884879870309,9.670727193640852
937.1794871794873,2.7718235324672515,4.279955469138628,10.188246926915843
938.4615384615386,2.4465224685082307,4.639132723055781,9.420176959464351
939.7435897435898,2.289255493191247,4.480757757240836,9.937166142768556
941.0256410256411,2.1306160862034864,4.52075137785256,9.704664528075678
942.3076923076924,2.6364643247627004,4.944465650080649,9.990323061899446
943.5897435897436,1.7972695158441514,4.371277532511559,9.60920329784882
944.8717948717949,2.4875497641881372,4.945409761015259,9.809286291643156
946.1538461538462,2.2593414228953663,4.627036016193314,9.660886163116515
947.4358974358975,2.3943899095651604,3.783989605827822,10.181225540560721
948.7179487179487,2.360968999218165,5.041921289991625,9.74571503326279
950.0,2.6162993767018365,4.588722363723184,9.889029546611791
951.2820512820513,2.2408183299256934,4.941864938734975,8.817980671754214
952.5641025641025,2.15991790998873,4.829584409049708,9.28201855861899
953.8461538461538,1.9963975200543196,4.898458687586371,9.956734478615951
955.1282051282051,2.2029125228802156,4.709752287772046,9.51772072815791
956.4102564102565,2.1399635317297654,5.193667542926249,9.604483101982613
957.6923076923077,2.7331454747623125,5.078706267887194,9.544930019159379
958.974358974359,2.631011944673165,4.349407763490349,9.703090680615254
960.2564102564103,1.7219726674927651,4.9690118281637625,10.183032555256466
961.5384615384617,2.111823582541712,4.4062199958409645,9.769611144581843
962.8205128205129,2.350338013135345,4.806863773334229,9.754962384859136
964.1025641025642,2.3652777297198453,4.626908236783915,9.863374658718142
965.3846153846155,2.0443476497220607,5.198582287372159,9.620732012759325
966.6666666666667,2.7335184089786777,4.4856915307245915,9.658061988477687
967.948717948718,2.9735272959777572,4.678159120868661,9.794571911128365
969.2307692307693,1.808790438665582,5.099063701677073,9.98105642125764
970.5128205128206,2.6855600927134056,4.9027724998973214,9.356548096906618
971.7948717948718,3.242735566544969,4.806105828360366,9.80381466693253
973.0769230769231,2.2484028989662814,4.948810629362781,9.90963504555182
974.3589743589744,2.3020766536227715,4.544639913652168,9.962967504477932
975.6410256410256,2.160515006377689,4.962299370584851,9.31125939904931
976.9230769230769,2.5262598288488434,4.850116782623419,9.195469929800105
978.2051282051282,2.3002598883738314,4.510227201826943,9.50499947577796
979.4871794871794,1.9414459627340488,5.194661715583502,9.498811302354328
980.7692307692308,2.5141331998979046,4.693273519616107,9.447011997697027
982.0512820512821,2.645305770569962,4.665650823425445,9.243738600621235
983.3333333333334,2.457338441219269,5.137789130100563,9.248417176729754
984.6153846153846,2.6651402451513566,4.608008802997253,8.93785710204122
985.8974358974359,1.9472258026084968,5.0351580290858715,9.544978886321376
987.1794871794873,2.7004386215515104,4.619588664032698,9.632568632731351
988.4615384615386,2.278495819683892,4.483752857066127,9.460737688699128
989.7435897435898,2.4076748877756122,5.017359637468274,9.81503114404797
991.0256410256411,2.8895533313467676,4.80659096838709,9.617036192997547
992.3076923076924,2.6062899053204194,5.023035781793954,9.702406416735709
993.5897435897436,1.6317510486898534,4.782302056231476,9.427645751442636
994.8717948717949,2.7532216328614045,4.631464989372132,9.441180615137485
996.1538461538462,2.405433773485815,5.407499704538414,9.737730291943024
997.4358974358975,2.2172259733318325,5.0439706199052265,9.407805758375543
998.7179487179487,2.41540660297863,4.789630003037677,9.635079778934243
1000.0,2.3265742395510305,4.821261047649024,10.323249758698035
1001.2820512820513,2.3876008722225834,4.823526451772286,9.758928879048058
1002.5641025641025,2.5630828473497864,4.363286864005876,10.328815179341841
1003.8461538461538,2.4585573835145844,4.723480579280297,10.02138839094575
1005.1282051282052,2.7203876111289187,5.3050057004381195,9.893862120403627
1006.4102564102565,2.418225898834962,4.677286735974831,9.973201781386253
1007.6923076923077,2.0311855939762573,4.681616754382609,10.554046211867123
1008.974358974359,2.404637695247201,5.2417072985173965,10.528881422558031
1010.2564102564103,2.6982751692793543,5.275386169637022,9.974100496154083
1011.5384615384617,2.566921501747557,5.140084859506929,10.254460773189823
1012.8205128205128,2.8985780580313305,5.058936637608443,10.633602478160917
1014.1025641025642,3.1037725368393536,5.139895436145137,10.293367093403642
1015.3846153846155,3.0730933392513973,5.2169856866869315,10.946073368650076
1016.6666666666667,2.3552266266433906,5.427569613690684,10.63945303466263
1017.948717948718,2.6978461364726214,5.810399648660664,11.424677651536111
1019.2307692307693,2.9704422686149456,5.667626746531439,11.137460762002243
1020.5128205128206,2.7945727540064866,5.247899680115306,11.013499944807199
1021.7948717948718,2.623377693840588,5.698201051699719,12.391657825639227
1023.0769230769231,3.261415956393043,6.052045371755738,11.573905115942168
1024.3589743589744,2.957669462557079,6.157008262673137,12.029921907636698
1025.6410256410256,3.101758366468583,5.888301046798332,12.648012153469198
1026.9230769230771,3.1831402628464995,6.801022478190262,11.898224949743422
1028.2051282051284,3.0077294239986854,6.791013100790632,12.711659874532357
1029.4871794871797,3.3830823014364673,5.994459084902094,13.282443124802521
1030.769230769231,3.0239421085724545,6.729002052397363,13.314358636893905
1032.0512820512822,3.28142464879367,6.913893646077501,13.783346845355052
1033.3333333333335,3.3881341928314654,7.090387217588091,14.046885785831423
1034.6153846153848,3.373985766913599,7.129360896472643,14.008583423345419
1035.897435897436,4.154524764309009,7.2821712988169764,14.609216467928977
1037.1794871794873,4.184657260534413,7.49649029122408,14.333807831695495
1038.4615384615386,3.607932757953913,7.640675938243526,14.28411322139413
1039.7435897435898,3.543987035842572,7.246447161146674,14.692452432832834
1041.025641025641,3.830830727369833,7.50860225410309,15.368143518612278
1042.3076923076924,3.5192611740246913,7.282467708465439,15.075003644878391
1043.5897435897436,3.493068060286324,7.639558792396766,14.92699151597015
1044.871794871795,3.816813944353035,7.362035424119253,14.977875422477997
1046.1538461538462,3.876645449706543,7.321018465880184,15.206044411583322
1047.4358974358975,3.6974943387957966,7.946178766183718,15.059868345930436
1048.7179487179487,3.6262699854463487,7.507211445435529,14.88896924910261
1050.0,3.3710637100914767,7.612497119346171,14.785220236461232
1051.2820512820513,3.867120072920033,6.902304009644982,15.129355884246385
1052.5641025641025,3.8031618239324705,7.234778722893439,15.02729515882256
1053.8461538461538,3.2005136734263426,7.210611563292949,14.757683000334536
1055.128205128205,3.9169227733602447,6.9344646095496385,13.84511420260549
1056.4102564102564,3.614066751196877,6.701503720790939,13.53637020173619
1057.6923076923076,3.328218233861896,6.9106780311613045,13.394401705887686
1058.974358974359,3.3902200739861135,6.954032372508078,13.64103449991748
1060.2564102564102,3.353035647992776,7.004508727312626,13.260340943323634
1061.5384615384614,3.186291443027497,6.431452948833816,12.530348541249731
1062.8205128205127,3.116237727022428,6.681733892347848,12.716496093547153
1064.1025641025642,2.752868511267597,6.247801759780715,12.177284200310517
1065.3846153846155,2.9425720643146116,6.44453729759806,12.37607214367343
1066.6666666666667,2.6121006949485963,5.620748451332366,11.888363646437922
1067.948717948718,2.7584280616586945,6.096877947145448,11.581624493043982
1069.2307692307693,3.0269145171533087,6.025198167767741,11.565061163726986
1070.5128205128206,2.9265958184254823,6.105926331983111,11.421280401655327
1071.7948717948718,2.5667534680227493,5.426297399171358,11.48663856360383
1073.076923076923,3.211382378288171,4.818499504727855,11.193725037954424
1074.3589743589744,2.98449167702521,5.578881567309783,11.300535519036396
1075.6410256410256,2.3060451710454384,5.148168817450376,10.688467526732271
1076.9230769230771,2.7017483202357973,5.413015670756888,11.032332163868617
1078.2051282051284,2.464443429116771,4.9378572258703946,11.238117606867332
1079.4871794871797,2.649593777685938,4.913462761659107,10.167126962866925
1080.769230769231,2.606075413709007,4.61102374704438,10.18546384815573
1082.0512820512822,2.396661834830551,4.870851386279084,10.35235529739241
1083.3333333333335,2.589135650687306,5.022884454686222,10.322377455221826
1084.6153846153848,2.152625078800586,4.997838773694633,9.752592534599843
1085.897435897436,2.314970791136545,4.655371720536765,9.943774145824374
1087.1794871794873,2.5287529858187967,5.269876288429489,9.836064988232113
1088.4615384615386,2.5352989445279643,5.136010117106722,10.620491028076259
1089.7435897435898,2.5391702868909567,4.80569869190869,10.63733996832132
1091.025641025641,2.2614001158288177,4.712073403086946,9.900254968047138
1092.3076923076924,2.981978665848777,5.207960648404661,10.664385284948532
1093.5897435897436,2.379375586267017,5.241103815725617,9.53692962508069
1094.871794871795,2.6645184481988857,4.748465684243522,9.64299572032682
1096.1538461538462,2.576140849736017,5.2890853841743475,9.589546012756134
1097.4358974358975,3.1152122227421866,5.41449249572556,9.794328316639195
1098.7179487179487,2.805901596065843,5.629156671370899,10.607997695046842
1100.0,2.5340377954579387,5.012653901104862,10.104691493786612
1101.2820512820513,3.5833303876218325,5.162318194786983,10.657852309386392
1102.5641025641025,3.0946132270169686,5.018492566592115,10.309737577010699
1103.8461538461538,2.2471236056006894,5.353319238014273,10.16684790599625
1105.128205128205,2.7895855093052844,5.203144146229172,9.770136501824792
1106.4102564102564,2.4651818975744733,5.498168761769134,10.30947718307965
1107.6923076923076,2.528433360168465,5.066695829110776,10.154381963517203
1108.974358974359,2.684800992149704,5.169129231668186,10.391626030616274
1110.2564102564102,2.6014790979537423,5.453185217549892,10.28993274714741
1111.5384615384614,2.23576243723416,5.5760940352512245,10.452313954377267
1112.8205128205127,2.7907543316438845,5.412808790555625,10.884520703755696
1114.1025641025642,2.4273458851774876,5.6701961493578255,10.391489926911058
1115.3846153846155,2.4778186999866914,5.394043042630559,11.199464201123257
1116.6666666666667,2.9185388298811934,5.736046280878841,10.686872803191516
1117.948717948718,3.144269133213915,5.631254253780346,10.859718641480502
1119.2307692307693,2.561434030090964,5.303233981989796,11.305487014930845
1120.5128205128206,3.176312117713003,5.88193827489295,11.337163880623429
1121.7948717948718,3.148958229386925,6.095614940361074,11.820221304562711
1123.076923076923,2.4520570437972267,5.365263995152318,12.789062138834813
1124.3589743589744,3.0350308440249747,6.078002386151902,12.303960648491165
1125.6410256410259,3.393154438176577,6.270924876041795,12.653404936796953
1126.9230769230771,3.0709213725000555,6.732652883469986,13.125830357524023
1128.2051282051284,3.1415920574191767,6.524420427307242,12.75426664725436
1129.4871794871797,3.4950143343446936,6.351584315052423,13.150805737110776
1130.769230769231,3.4377664913406263,6.149182344026942,13.713838374997051
1132.0512820512822,3.2466788809149913,6.628397585979105,13.874252275184778
1133.3333333333335,3.1579532731735496,6.759013507474179,13.554761559444271
1134.6153846153848,3.758114655417245,6.404260090294163,13.866485347822326
1135.897435897436,3.572478283407158,6.818694524072219,13.041275460050503
1137.1794871794873,3.5822160807771493,6.348876085733877,13.749869503606602
1138.4615384615386,3.3272665556189174,6.747007746891577,13.487918540881857
1139.7435897435898,3.559542333502325,6.974090102800188,12.735467572180477
1141.025641025641,3.5081812727578705,6.889820090107086,13.34570899604113
1142.3076923076924,4.21389082135491,6.667155026180247,12.40940601607094
1143.5897435897436,3.970407438267641,7.009875908088696,12.788997203942264
1144.871794871795,2.8017965283943598,6.406221672606862,12.401710928406876
1146.1538461538462,3.43579772724762,6.184206223691664,13.28150369320224
1147.4358974358975,3.5187650590313986,6.876238232305715,12.880283377470729
1148.7179487179487,3.0464187386114694,6.0916995997536985,12.96046378357374
1150.0,3.8368149972535406,6.176603699247067,12.327677677256636
1151.2820512820513,3.518237695343545,6.615318551074766,13.12011382368603
1152.5641025641025,2.7911877710833974,6.4686054992965145,12.64232853884591
1153.8461538461538,3.5321316986268227,6.3738775740586,12.677079352223577
1155.128205128205,2.9766486272593236,5.884375009677379,13.292313061524066
1156.4102564102564,3.2451453000752783,6.4145446147357434,12.190542302811323
1157.6923076923076,2.8919153073012884,6.6502922827598026,12.642177850611246
1158.974358974359,3.348597521921537,6.4862237048738764,12.053642760158036
1160.2564102564102,3.4656657925352126,6.520279118877338,12.653488402128898
1161.5384615384614,2.9080367850424755,6.222947719694416,12.490944302449956
1162.820512820513,3.047810418288819,6.508904568044864,12.674762302029114
1164.1025641025642,2.772397080182338,5.591244505526993,12.795006845368532
1165.3846153846155,3.138524508781364,5.935169577338826,12.403619200118436
1166.6666666666667,2.964054397617865,6.094680072597628,12.347661032294187
1167.948717948718,3.533112192061079,6.808666057780362,12.364145903628641
1169.2307692307693,2.8557388247050164,5.92474406322929,12.519453439666435
1170.5128205128206,2.759201000585243,5.88327450310185,12.000575297698614
1171.7948717948718,3.106620440155425,6.450392497268237,11.881318067352701
1173.076923076923,2.986665017634109,6.177029765022655,12.464145916014418
1174.3589743589744,3.608378361346132,6.645392361787909,12.505638550635812
1175.6410256410259,2.5628065036870704,6.341007112881787,11.447177857892878
1176.9230769230771,2.5594195311484147,5.702337889942473,11.990697990321172
1178.2051282051284,2.397679334302903,5.9469167323953425,11.274504483222238
1179.4871794871797,2.5172247473771097,6.19409683649307,11.81217179187187
1180.769230769231,2.9412417432087894,6.177694815658544,11.376782563219834
1182.0512820512822,2.433403970071944,6.1164820161919,11.606846253913652
1183.3333333333335,3.2771644119338306,5.596068897539312,11.54398231975849
1184.6153846153848,2.2803985572220307,5.548170076118952,11.314755821534614
1185.897435897436,2.5878303541976257,5.772909503732892,11.583170769370021
1187.1794871794873,2.3257241407560914,5.757926035551531,11.133116443920308
1188.4615384615386,2.6957321446342943,5.745807817032117,10.670435213644263
1189.7435897435898,2.6703708320692177,5.544928115301587,11.056881658984453
1191.025641025641,2.7763221639542923,5.411353720015635,11.345291807548273
1192.3076923076924,2.83030404122867,5.466578793303503,11.330293884760373
1193.5897435897436,2.8363967716614233,5.717786828862443,11.249257148631004
1194.871794871795,2.3467969940539763,5.132499075812329,10.74156641919516
1196.1538461538462,2.5095474835272467,4.886303616818251,10.72563584655145
1197.4358974358975,2.212661905311394,5.766117304379851,11.109216188334864
1198.7179487179487,2.915413788944419,5.193184108616849,10.129642886532652
1200.0,2.312824535933387,5.2618198875019475,10.62786886574068
1201.2820512820513,2.24716590912631,5.233274392239649,10.662395895080198
1202.5641025641025,2.6354464184192095,5.891199446629726,10.706853697398587
1203.8461538461538,3.1035230426243254,5.268333619425097,10.754008300178546
1205.128205128205,2.730821306010071,4.855571503529503,10.971095279603675
1206.4102564102564,2.23403555970459,5.290207366094356,10.51468532037836
1207.6923076923076,2.4505057852866376,5.140105686690627,10.593402857948563
1208.974358974359,2.601830401352984,5.365582339266334,10.452657186550269
1210.2564102564102,2.4067756621315115,5.253544561978794,10.289374851978122
1211.5384615384614,3.1330290566030525,5.063448074216047,10.152024352286432
1212.820512820513,2.9651785598157305,5.296557683756759,10.268874802556281
1214.1025641025642,2.7021325246105716,5.059983194803867,10.478579668811944
1215.3846153846155,2.7228644359977645,4.997025324608572,10.453172362281551
1216.6666666666667,2.5557133732716957,5.099205612102981,10.444421196624502
1217.948717948718,2.764792033803294,5.0779113502800595,10.157374313365787
1219.2307692307693,2.732256871224668,4.861770495550712,11.264896267007371
1220.5128205128206,3.074401966553156,5.554856047269483,10.291064446569584
1221.7948717948718,2.1864352260908824,4.803903948336202,10.604604179456988
1223.076923076923,2.7790639474374,5.576450011845016,10.449796279019653
1224.3589743589744,2.018612855366609,5.668093531350702,10.522376926185949
1225.6410256410259,3.1136792670919293,5.420732055279592,10.383778638425392
1226.9230769230771,2.7149384945156916,5.5274873358843735,11.307559975600856
1228.2051282051284,2.66137514363145,5.053230907904537,10.621580869989806
1229.4871794871797,2.5524607076634878,5.8647460900659825,10.166967355809323
1230.769230769231,2.9172437742523196,5.49009305380589,11.062606072956042
1232.0512820512822,2.0574433940164054,5.435669608939755,10.558737068507634
1233.3333333333335,3.1065164935233924,5.536919170937299,10.717724760941028
1234.6153846153848,2.813160079798799,5.296937399553103,10.670034612461501
1235.897435897436,2.7455233997310566,5.277068280475508,10.569025997774322
1237.1794871794873,3.2882152164010976,4.914005204389061,10.833867256580927
1238.4615384615386,2.584718394639263,5.2393372324044085,10.60753652490891
1239.7435897435898,2.383333427438006,5.2026539895471196,10.445433929145945
1241.025641025641,2.636710397567251,5.697591626680755,10.709397761891895
1242.3076923076924,2.6804766629288737,5.1376394849578935,10.813219048020795
1243.5897435897436,2.6237199842028396,5.506923481379383,10.485747767011276
1244.871794871795,2.2870297243886974,5.352901585109209,10.94694981923751
1246.1538461538462,2.7706615712375253,5.3176349012523465,10.982278643946724
1247.4358974358975,2.4874721649136236,4.579307433887308,11.070809783431802
1248.7179487179487,2.5003530352619885,5.108769702988512,10.356900495103522
1250.0,2.3777798235129497,5.426928025090078,10.56425559188346
1251.2820512820513,3.1464781869376854,5.183053953582314,10.594084012146029
1252.5641025641025,3.0607382195770962,5.559865785935017,10.95682867157259
1253.8461538461538,2.641066483636855,5.441783850289214,10.750243723318588
1255.128205128205,3.1168356374643915,5.558672328056475,10.838690742835468
1256.4102564102564,2.316071852226358,4.942964294433986,10.999943650664195
1257.6923076923076,3.0057920874705877,5.6121305365525025,10.800967673225058
1258.974358974359,2.5620445867952006,5.319308975640058,11.152999247023857
1260.2564102564102,3.0214865144437844,5.333060699631784,10.54818703833507
1261.5384615384614,2.7012554855964743,5.377241430431035,10.553266089093702
1262.820512820513,3.513663451920498,5.371910623676253,10.908106097790133
1264.1025641025642,3.1267765309592006,5.05159428134232,10.872476185482213
1265.3846153846155,2.3591615026575656,4.979203636125419,11.23226846893933
1266.6666666666667,3.066049462113625,5.497643760486617,10.67247275525253
1267.948717948718,2.5642404757049286,5.712460578300324,11.09394119146923
1269.2307692307693,2.3935848677682947,5.545597630740617,11.054389272013024
1270.5128205128206,2.6143163257668096,5.701826608216428,10.923140284929502
1271.7948717948718,2.8512541949442154,5.1747521310785825,10.378878749199488
1273.076923076923,3.303082443591701,5.071003631732847,10.756412303532302
1274.3589743589746,2.1879865620050314,5.206280741964588,10.629827522979234
1275.6410256410259,2.749437462635646,5.714770789006781,11.150289789191802
1276.9230769230771,2.962998346058614,5.424492547894274,11.039776568723873
1278.2051282051284,2.4371936374537273,5.138375030527781,10.707444335651129
1279.4871794871797,3.0748980245322923,5.370706715348545,11.259151248085686
1280.769230769231,2.7835987643029028,5.280627683361384,11.083867455846583
1282.0512820512822,2.6794374949190045,5.104506900205876,10.92629729230157
1283.3333333333335,3.14559725386241,5.466290750170866,11.054299802859804
1284.6153846153848,3.302527785879959,5.227338264786131,10.980029078288279
1285.897435897436,2.945188136130086,5.624938566536007,11.155653277542317
1287.1794871794873,2.6400473144642693,5.724230176083973,11.161984111186715
1288.4615384615386,2.789670636367637,5.245876210364323,10.78473016222277
1289.7435897435898,3.2140679399325593,5.6865807285041345,10.538870239991452
1291.025641025641,2.7559060729424396,5.794396888547001,11.03861741417988
1292.3076923076924,2.804096834229934,5.9875472577587425,10.79552390593379
1293.5897435897436,2.77037343128146,5.558163267296737,11.971798571200823
1294.871794871795,3.042071001738575,5.8924959558566385,11.413859611322499
1296.1538461538462,2.866832431376993,5.613931292915487,11.45773779049246
1297.4358974358975,2.7218609375791853,5.6710501255670644,11.340368676467646
1298.7179487179487,2.6206245158171315,5.538293335212871,11.61634961832097
1300.0,2.885427845542352,5.911025364694749,11.631942053173006
1301.2820512820513,3.0217225930627754,5.947263282878521,11.78958417749102
1302.5641025641025,2.283832886641989,6.158254939157451,11.75344340336415
1303.8461538461538,2.962806951146033,5.775438018963245,12.390593586977657
1305.128205128205,3.586440504670506,5.922147460776661,12.375273027805857
1306.4102564102564,3.1859055273506947,6.13605869234896,12.11067656683947
1307.6923076923076,2.7472575690313867,6.051495745588837,12.72487149900161
1308.974358974359,2.9456436957866483,6.4064580670501305,12.469674557502328
1310.2564102564102,3.3477580693720155,6.060125264728887,12.786579167379843
1311.5384615384617,3.2060318261856238,7.147035196251567,13.047705085722844
1312.820512820513,3.282832125375076,6.880543094478694,13.071230609296059
1314.1025641025642,3.3245697168599264,7.137056271388693,13.794110158378036
1315.3846153846155,3.5615285482053265,6.534439374526592,13.743467148114338
1316.6666666666667,3.511612910028272,6.992312675062874,13.954366209240986
1317.948717948718,3.386863837357362,6.927457933217954,13.743542245409062
1319.2307692307693,3.6383108916414786,7.03199056678137,14.143481737662688
1320.5128205128206,3.6536243595832647,6.978949377382131,14.533554975991139
1321.7948717948718,3.770945082643135,7.14836291566638,14.50546562714667
1323.076923076923,3.6589703511858365,7.210674539025805,14.385644350535882
1324.3589743589746,3.795200327932174,6.924337785305232,14.88606844145973
1325.6410256410259,3.515277505916634,7.448883144491278,14.656194320502404
1326.9230769230771,3.8143266542393612,7.861402110562984,14.46154541237914
1328.2051282051284,4.060203484712049,7.1769416103770896,15.176228382840687
1329.4871794871797,4.032897509009422,7.256879025475215,14.285637266364226
1330.769230769231,3.31586545877406,7.151100235284034,14.573923875174664
1332.0512820512822,4.052759400389197,7.035762790724813,14.243286567002665
1333.3333333333335,4.25070346680857,7.247082665459357,14.212822826360187
1334.6153846153848,3.9790970807671657,7.3563800042931975,14.460151747139134
1335.897435897436,2.946634071203823,6.744873025185165,14.213211403194062
1337.1794871794873,3.955800418455352,7.2025467416912505,13.828749272880373
1338.4615384615386,2.842877268552713,7.334745070298498,13.919105797653641
1339.7435897435898,3.2512442225898583,6.354959841444871,14.174146120279525
1341.025641025641,3.312971199456342,6.8383454419552665,13.764976086112457
1342.3076923076924,3.7635713942674016,6.513108108918405,13.523333767903097
1343.5897435897436,3.554326701237582,6.6082421917291825,13.231327811134928
1344.871794871795,3.5345312562448146,6.84324997732845,13.696810342301044
1346.1538461538462,3.464654582329095,6.411309420530299,13.497477961933361
1347.4358974358975,3.8347582331617973,6.685781655866669,13.287936472679332
1348.7179487179487,3.36706966253225,6.589667250627067,12.695604274574034
1350.0,3.293411094089052,6.078418235068549,12.837353308726186
1351.2820512820513,3.443567574021627,5.763386535564248,13.010510443443104
1352.5641025641025,2.852349324087203,6.833418344956618,13.080500866661124
1353.8461538461538,3.012717839875811,6.332004336959141,13.121052221422833
1355.128205128205,3.082856676160096,6.898608032249334,12.874536519459026
1356.4102564102564,2.46202048742843,6.813000607072926,13.109927340155737
1357.6923076923076,3.110901071085106,6.206780008506752,13.087469298473104
1358.974358974359,3.425152769808463,6.815343054551787,13.028067370246077
1360.2564102564102,2.9676590893652848,6.6147698046329655,13.253434293362343
1361.5384615384617,3.7460518674730587,6.755135952849389,13.120009834205192
1362.820512820513,3.5828237717389206,6.605174443483376,13.484859183507716
1364.1025641025642,3.5362449095559962,7.1302173997512375,14.126410799846719
1365.3846153846155,3.9543092402197804,6.476960270512539,13.710654190894708
1366.6666666666667,3.8799807057119455,7.0772838397806614,14.507143734218323
1367.948717948718,3.498179873202286,7.1308596540533555,14.291764855590667
1369.2307692307693,3.6567769596825066,7.488815766983895,13.776530807115867
1370.5128205128206,3.3940706582418976,7.209582401378193,14.732527718284897
1371.7948717948718,3.6725328900777674,7.208508849548057,14.21100550810117
1373.076923076923,3.583595018342805,7.317510134120178,14.916400024816179
1374.3589743589746,3.7773219977424275,7.679496624700388,15.221635542615873
1375.6410256410259,3.9627696954572915,7.546419363882825,15.22209354449659
1376.9230769230771,4.287081114773801,7.628287653274348,15.357818372628454
1378.2051282051284,3.7921018984870556,7.9030794020458215,15.78923231765812
1379.4871794871797,4.501463610201904,7.98790365290583,16.021182226896897
1380.769230769231,4.195471471552263,7.832000730937723,16.168143923005687
1382.0512820512822,3.947243867388039,8.373996552291405,16.25434742136322
1383.3333333333335,4.495867874995143,8.276732349814333,16.619736050386727
1384.6153846153848,4.164010780516942,7.766186433516277,17.19902913186497
1385.897435897436,4.164788677775424,8.184889318650486,17.069321727031173
1387.1794871794873,4.008263419194415,8.15704343484058,17.110742528643105
1388.4615384615386,4.212747653468549,8.649747881174427,16.796782245187522
1389.7435897435898,4.214605475838835,8.26140474242059,17.1477772644859
1391.025641025641,4.486809484505412,8.35414837923385,17.367972563395718
1392.3076923076924,4.512222472549959,9.014303294030862,17.826186224823697
1393.5897435897436,4.667434824194692,8.575113557151719,17.496901065860403
1394.871794871795,4.397396448842261,8.96723720376662,17.873883257999974
1396.1538461538462,4.6856449678362,9.207524318103061,17.80779474436788
1397.4358974358975,4.165478561718684,8.751553179733632,17.722566350837827
1398.7179487179487,4.643938607322599,8.93813186262019,17.926832221085526
1400.0,4.489939507537423,8.557058856634077,17.959821510439856
1401.2820512820513,4.303186788257806,8.92195767212133,17.343075326857427
1402.5641025641025,4.393821282866964,9.26915582278264,17.79618756854747
1403.8461538461538,4.706586025998135,9.256402986637083,18.166626116166558
1405.128205128205,4.265237206710362,8.843307794448766,17.470465416003492
1406.4102564102564,4.416497607856127,8.985865581157888,17.411780126378773
1407.6923076923076,4.813936623891664,9.033251841862137,17.874313375636792
1408.974358974359,4.503283940436004,8.858391704563791,17.93305453424449
1410.2564102564102,4.3189298558153135,8.692769613672738,17.50432446864284
1411.5384615384617,5.300864077399365,8.791734548002127,17.331021948789136
1412.820512820513,4.711573375365814,8.751457958693912,17.074946094578358
1414.1025641025642,4.5725538544076745,8.490315655734381,17.568600714473366
1415.3846153846155,4.727165836034294,8.459854329243784,16.729918651231092
1416.6666666666667,3.8534427327910477,8.211450318820052,16.784081851860485
1417.948717948718,4.1074916545264735,8.956569061619406,16.479705810267703
1419.2307692307693,4.662082581374585,8.533634436713264,16.9319541344377
1420.5128205128206,4.143882645010894,8.03419741212818,16.310105381586787
1421.7948717948718,4.5686441082195275,7.509981867944179,16.73045883626436
1423.0769230769233,3.8163996315300266,7.444880856868852,15.776260442712916
1424.3589743589746,3.5553705835329557,7.34661065879102,15.922189833894997
1425.6410256410259,3.9533373631312765,7.769439799280785,15.750125654924144
1426.9230769230771,3.5699419970187876,8.291879993328251,15.553268085126712
1428.2051282051284,3.615507267989583,7.3150176608495086,14.817878052979369
1429.4871794871797,3.8322054499159672,7.408050914098327,15.025883585034405
1430.769230769231,4.111207516908637,7.360437195572852,14.627324867503654
1432.0512820512822,3.559298987387268,7.006806193425912,14.391339192519485
1433.3333333333335,4.191659923679791,6.895903959967247,14.526597542103358
1434.6153846153848,3.7490130574593654,7.04072299558333,14.26459154553999
1435.897435897436,3.5642100369668315,6.729003558133926,13.910108622924001
1437.1794871794873,2.9028637094460126,7.099159717757815,13.218873380109907
1438.4615384615386,3.68598638950514,6.817999616314403,14.302799682130614
1439.7435897435898,2.9323506728831674,6.923266172957354,13.386259153963138
1441.025641025641,3.243479029014994,6.782861992083339,13.719235299650776
1442.3076923076924,3.186992435552696,6.744097200887059,12.90851674158912
1443.5897435897436,2.988754835202537,6.574940155193471,12.783848280509769
1444.871794871795,3.3834349617856136,5.879263555340927,12.964989431717427
1446.1538461538462,3.236634048385521,6.067932567344066,12.719913876956888
1447.4358974358975,3.1272345551789336,5.972149763182539,12.541206297189357
1448.7179487179487,3.0838064981838476,6.364919489862174,12.37545262919068
1450.0,3.212894838523186,6.673333091438563,12.075161392746287
1451.2820512820513,3.3025257969886166,6.437497033881222,12.461189316306912
1452.5641025641025,3.703924522697661,5.510742596630479,12.332629793138686
1453.8461538461538,3.5475378550799967,6.042536424401389,12.298674620214499
1455.128205128205,2.9362525398528723,5.5085195168822505,12.327245285088717
1456.4102564102564,2.77299511739499,6.098997582617698,11.98746012643595
1457.6923076923076,2.8110554429008676,5.375287058216193,12.085289189320573
1458.974358974359,3.023887433634105,6.248348696896569,11.57451892210754
1460.2564102564104,3.3017562074945945,5.85683782902142,11.871525905343704
1461.5384615384617,3.2087983573204877,5.702401148409264,11.894304001266596
1462.820512820513,3.1952910029299733,5.187676863601076,11.436556446495791
1464.1025641025642,2.9079967322301323,5.15604499365831,10.926005746682215
1465.3846153846155,2.9666836277688873,5.5692421871002535,11.529110207402123
1466.6666666666667,2.6836031449228663,5.558159276061118,12.018968074798433
1467.948717948718,3.0770543305104825,5.909181368745298,11.378095409049541
1469.2307692307693,3.005239132274193,5.3279294276521485,11.42378435604901
1470.5128205128206,2.796637911199675,5.440536843116198,11.09548447405738
1471.7948717948718,2.580557958825837,5.900121449757307,11.5962417245155
1473.0769230769233,2.696667630369102,5.978617197666067,11.069338535216142
1474.3589743589746,2.716994360573184,5.570216272707914,11.089379728675432
1475.6410256410259,2.724436649246259,5.354337975656595,11.375908005483739
1476.9230769230771,3.275412641780353,5.606940701900518,10.775953583228167
1478.2051282051284,3.030344525543491,6.273683819999042,11.152297883608341
1479.4871794871797,3.057644261092539,5.073900410495305,10.54593775632294
1480.769230769231,2.7571583626992004,5.200113386364479,11.653043799563507
1482.0512820512822,2.8643289688200952,5.9036964378297565,11.220305756989132
1483.3333333333335,2.8888745498141235,5.871588157810792,11.235834840895029
1484.6153846153848,3.091203975093907,5.4878235874307215,10.879995081568282
1485.897435897436,2.656882573475545,5.482851073431249,11.434475014780153
1487.1794871794873,2.8384633046054226,5.13115757126646,11.119592765363004
1488.4615384615386,2.440846185708649,5.839856999225035,10.994428279349238
1489.7435897435898,2.8977257883214214,5.933015014098619,10.756968999583568
1491.025641025641,2.975292666170519,5.5380586441257424,11.123712808376418
1492.3076923076924,3.057941247869375,5.4563007118783675,11.124077800044256
1493.5897435897436,2.7032515738745837,5.7506596022213055,10.976008399705721
1494.871794871795,2.8705438267222187,5.408578565181814,11.382669817378204
1496.1538461538462,2.9151130780210375,5.649146665877994,10.913921610964257
1497.4358974358975,3.1524300275163086,5.899109209908277,10.943509005910487
1498.7179487179487,2.5203109567165702,5.089454017413568,11.247337790640227
1500.0,3.1158950964700822,5.947056283049541,10.997870351963064
1501.2820512820513,3.0619570083358534,5.579454416837884,11.694417824937252
1502.5641025641025,2.4540287778503926,5.422869091042026,10.40482128555318
1503.8461538461538,2.648197738677617,5.557947431570366,11.392539564800057
1505.128205128205,2.610370519822833,5.130211385165267,11.175181657906094
1506.4102564102564,2.45444754985417,5.330971198282106,11.012775895098335
1507.6923076923076,2.642753389433153,5.162831197294881,11.423924711989066
1508.974358974359,3.1150291649981647,5.775089677167783,11.873129336574793
1510.2564102564104,2.899407924445552,5.757499988294358,11.56793615608892
1511.5384615384617,3.2138595564555463,5.7228578450760175,11.599609598440605
1512.820512820513,3.1787213080054766,6.2852295045345015,11.528507094903077
1514.1025641025642,3.5783625599591753,6.095764977680458,12.021213821927724
1515.3846153846155,2.999611877702149,5.933423394343297,12.616345615075925
1516.6666666666667,3.510768727986342,6.154873231469644,13.510812616623802
1517.948717948718,3.2762996729753016,6.594230112221167,13.07683107682981
1519.2307692307693,3.537864575867826,6.839552943051893,14.15438411105416
1520.5128205128206,3.6433268278986692,7.3848243900951305,14.010339992159235
1521.794871794872,3.853197962351786,7.102420662792461,14.405985105037733
1523.0769230769233,3.642689316858481,7.972221438898026,14.30423759088215
1524.3589743589744,3.537798837742357,7.161225858217204,15.06664161836887
1525.6410256410256,3.170733788607726,7.272753946676887,14.707238470073316
1526.923076923077,3.2708210948176917,7.606839249850264,13.993146809231156
1528.2051282051284,3.7707870858597436,6.698686369721133,13.681999793533032
1529.4871794871797,3.443179932256927,6.91213157885081,13.175517137945391
1530.769230769231,3.3074642361993924,6.458593443922297,12.923144953397568
1532.0512820512822,2.9278350583250226,6.215679277702239,11.772636432383093
1533.3333333333335,3.0539584666921153,5.909668981805037,12.163772661977408
1534.6153846153848,3.6957871959964432,5.724391743261594,11.236337355275449
1535.897435897436,2.5832750682149834,5.505537595103491,11.901750924955264
1537.1794871794873,2.9988913637709276,5.6802701531630655,11.553634688836178
1538.4615384615386,3.0146221650123843,5.961481986293876,11.333986451378548
1539.7435897435898,2.635831672473922,5.743365406065756,11.213738094462203
1541.025641025641,3.161012394063831,5.677278288363558,11.4226508690062
1542.3076923076924,2.8513570272442084,4.978257961939781,10.634866107715716
1543.5897435897436,3.0180428601188947,6.098151827807291,11.127019652489391
1544.871794871795,2.7776060462526186,5.625829608291599,10.873394818389228
1546.1538461538462,3.0638735972668374,5.593604331155421,11.46663687388446
1547.4358974358975,2.844640954411022,5.818403210822762,11.49890642755799
1548.7179487179487,2.677777437411105,5.699677627328227,11.017120051083694
1550.0,2.6957952936048177,5.5463601392105915,11.798538142349793
1551.2820512820513,3.180526431054565,5.86553663162931,10.95159580101423
1552.5641025641025,2.7927885572997617,5.451424305290155,11.301604904335353
1553.846153846154,3.0020773001236174,6.114681402073764,11.654725170251838
1555.1282051282053,2.50773669072045,5.813400385881357,11.78717535997319
1556.4102564102566,3.0366985106874953,5.1083364389436605,11.448216504204192
1557.6923076923078,3.2826496955760875,5.681158895402005,11.883032561379196
1558.9743589743591,2.8771491482149933,6.0997210939302,11.60050551646034
1560.2564102564104,2.9693400697868086,6.023316506564902,12.002697785348692
1561.5384615384617,3.114242597588684,5.568332866518984,11.534628476636945
1562.820512820513,3.2128256573428984,5.627832361426938,12.017447544951999
1564.1025641025642,2.7405483724370767,5.920795982509763,12.542205152162403
1565.3846153846155,3.143486052861673,6.485904915640184,12.661571935439408
1566.6666666666667,3.29364579673111,6.682447537015741,12.499068161403855
1567.948717948718,3.1928128181944917,6.362912386076909,12.94082018999969
1569.2307692307693,3.151287892189567,6.356856691578883,13.775632757495336
1570.5128205128206,3.2530744892473096,6.34475145380798,12.880620134685357
1571.7948717948718,3.4837456254719017,6.461539633090147,12.66679645671964
1573.076923076923,3.129043983816849,6.370144270465879,13.673942932539436
1574.3589743589744,4.190868890212791,6.970040267367983,13.674808189915057
1575.6410256410256,4.1209769792232915,7.269132724936191,14.106984781356875
1576.923076923077,3.4616100818079754,7.084943906825605,14.13852228993903
1578.2051282051284,3.5866478456713082,7.245818328609401,14.680868644985832
1579.4871794871797,3.376940922858448,6.937658287673427,14.417452945661646
1580.769230769231,3.2492769739210616,6.798886212109758,14.390009101250165
1582.0512820512822,3.127133244319308,7.6566212864467635,15.062269636644324
1583.3333333333335,3.232032617378434,7.392516536929553,13.897598264269327
1584.6153846153848,3.677290656306507,7.4640612567562155,14.00542122109373
1585.897435897436,3.8927316066965343,7.532586723605825,14.22565541761406
1587.1794871794873,3.6133280176073748,7.631648271026552,14.4882624753488
1588.4615384615386,3.7207456275883177,7.34973729865818,14.594020419028588
1589.7435897435898,4.030283674030529,7.294601677388879,14.375733884456057
1591.025641025641,3.43271884104445,7.165355173190093,14.455622162564316
1592.3076923076924,3.9167734030308754,7.3979550626117705,14.819827804429963
1593.5897435897436,3.6564098113099512,7.022164915573187,14.533920246140072
1594.871794871795,3.258420009227264,7.221631362401904,13.8292107998336
1596.1538461538462,3.5564838903274865,7.000414403442958,14.06174360875148
1597.4358974358975,3.8457313845183343,7.015818104182918,13.798566326000765
1598.7179487179487,3.60274417671703,6.969609475548616,14.31512310815961
1600.0,3.3946988823955735,6.382071410876326,13.651272826278294
1601.2820512820513,3.390246026448268,6.723970242582567,13.382095789756699
1602.5641025641028,3.5279979727823627,6.368525121565624,12.68748362882399
1603.846153846154,2.9451994961994177,6.266891541170111,13.333064496855455
1605.1282051282053,2.828092113587832,6.536329395442219,12.860031286424189
1606.4102564102566,3.1068396913107073,6.234211940514747,12.936610964193752
1607.6923076923078,3.033348595043862,5.907367072690055,12.38152176978977
1608.9743589743591,3.5532116085254977,6.1883535965912895,12.148174988435578
1610.2564102564104,3.283841865894874,5.7076337622994755,12.46321806233423
1611.5384615384617,3.256429193683912,5.960671155232413,12.186817495795061
1612.820512820513,3.218441832374983,6.092707279599396,12.52291766806821
1614.1025641025642,3.291941968734361,6.082279219153063,11.922044420040653
1615.3846153846155,3.7489894053335417,5.376785925598839,11.917677855775251
1616.6666666666667,3.0175365279693898,5.651765995580771,11.924487228948697
1617.948717948718,2.958883884013314,6.290280446859374,12.506204766109507
1619.2307692307693,3.0752338476753263,6.189045196471017,11.872287513132543
1620.5128205128206,2.810070593948518,5.647101209362295,11.168250994054484
1621.7948717948718,2.8085582476773308,5.854272448024861,11.67958895136987
1623.076923076923,2.798971060717964,5.889566464443676,11.635833950691891
1624.3589743589744,2.6784204445132005,6.277324361931501,11.508701493771346
1625.6410256410256,2.866192114813198,6.143684598970459,11.324653110227583
1626.923076923077,3.291159531673537,5.715361514478531,11.983529985385864
1628.2051282051284,3.2887420140675996,6.208181270792477,11.95991625318124
1629.4871794871797,2.6808666729020074,6.247489929446289,11.53046185435621
1630.769230769231,3.5831927416962404,5.705365795989803,12.026812481355863
1632.0512820512822,2.767824941395176,6.6032230186252665,12.040637198583285
1633.3333333333335,3.3374893797883245,6.02874922990691,11.888781381507554
1634.6153846153848,2.0117327139499164,6.494760785953038,11.875289087138126
1635.897435897436,3.142724877783153,5.9759570569851155,12.077172372403721
1637.1794871794873,2.7442953487245894,5.911703192924293,12.544221272791892
1638.4615384615386,2.9732790544432173,5.942331399876913,12.275925687638958
1639.7435897435898,3.6359516413419195,5.884157814040046,12.435355356239233
1641.025641025641,2.860420829789408,6.03734491588585,12.474665812701184
1642.3076923076924,2.8981350225999316,6.20511955421585,12.268784321099952
1643.5897435897436,3.4026807211251326,5.991441981665914,11.784770937050144
1644.871794871795,3.7799932437232275,6.346558664358546,12.93879205230466
1646.1538461538462,2.83865139406726,6.408008332626351,12.808939248313724
1647.4358974358975,3.2951456404357193,6.449167261333454,12.575953223385984
1648.7179487179487,3.2029188039226373,6.126521631343947,12.52496296503781
1650.0,3.5237818005202652,6.0130191031416,12.963903744683702
1651.2820512820513,3.5171988988996645,6.126327269595221,12.513354718622416
1652.5641025641028,2.749276318553583,7.086405052604223,12.780180901387151
1653.846153846154,3.4086218054150685,5.962859283925608,12.994311128603243
1655.1282051282053,3.3862526317353585,6.600474925028033,12.639954231926923
1656.4102564102566,3.100771875959666,6.314622190570947,12.99641029079744
1657.6923076923078,2.932955211551111,6.7169386441892165,13.418763862012046
1658.9743589743591,3.551067831379729,6.50552327475472,12.990042129014807
1660.2564102564104,3.382128528878899,6.479599845275615,13.116413233986727
1661.5384615384617,3.6819367482408016,6.917932082464627,13.964551674595821
1662.820512820513,2.992269377635589,6.568593274713248,13.971210727275531
1664.1025641025642,3.2211283748666464,6.791892347354131,13.603428794946103
1665.3846153846155,3.109425653145223,6.753396705701043,14.18974481376209
1666.6666666666667,3.657255743113196,6.480513532615101,13.455624363911433
1667.948717948718,3.4086825183180536,7.288964071500991,14.256140240087914
1669.2307692307693,3.5789797841180184,7.100872059985269,14.423793302433905
1670.5128205128206,3.98903607148556,6.8223403978209864,14.583029576359822
1671.7948717948718,3.543316712312262,6.8386801174677005,13.67871854838862
1673.076923076923,3.395730600199986,7.49305587090732,13.776924154684652
1674.3589743589744,3.2466464130979213,6.927807270999786,14.329641305162014
1675.6410256410256,3.4954488781035686,7.29586228036766,13.792468384469595
1676.9230769230771,3.6345803054031878,7.639037583769807,14.37011307735588
1678.2051282051284,3.6266799700871024,6.973529891478718,14.854870212549136
1679.4871794871797,3.3796166575620536,7.435595196683918,14.29066444694642
1680.769230769231,3.860069171570714,6.675164362956759,14.69720277625238
1682.0512820512822,3.78350869290993,7.090873260173643,14.3810583540761
1683.3333333333335,3.1004747102157486,7.388581463323487,13.956653466290163
1684.6153846153848,3.3718538088033982,7.576413646754758,14.069231256274596
1685.897435897436,3.327152600980434,7.262269215549022,13.781455283633584
1687.1794871794873,4.0863016437867055,6.4510150000702655,13.946685286025716
1688.4615384615386,2.8996917428674918,7.044893206049702,13.731224645508751
1689.7435897435898,3.836725444426119,7.425506830376208,13.676884573029648
1691.025641025641,3.7911330484888213,6.657150458713097,14.15041256093113
1692.3076923076924,3.205723419595997,6.835858036546359,13.642409792266811
1693.5897435897436,3.136769877299577,6.906774485753655,13.881564672451367
1694.871794871795,3.374370043663667,6.7127881966889875,13.415471421640204
1696.1538461538462,3.346813099536356,6.485684681426797,13.295559223325315
1697.4358974358975,3.6091354277809495,6.384332418685707,13.559446442449136
1698.7179487179487,3.2599112058868673,6.82886644064638,12.725165197157116
1700.0,2.525370834639207,6.2815895263881885,12.779176482255034
1701.2820512820513,3.522925979955609,6.571977619257765,12.977841266202757
1702.5641025641028,3.106486871901418,6.595324078616296,12.074981727864868
1703.846153846154,2.865390977636233,6.271604637615368,12.600358240345482
1705.1282051282053,2.757396617629235,6.502436893235841,12.417671168701688
1706.4102564102566,2.8000457200279403,6.418807033922473,12.626135646374086
1707.6923076923078,2.995709093925709,6.396261221983903,12.352092370875319
1708.9743589743591,3.006855415850706,6.362102459494371,12.049917349089784
1710.2564102564104,2.6843583737060253,5.846173062121815,12.118731996912024
1711.5384615384617,2.9539904334999876,6.0709099602157846,12.096754051970054
1712.820512820513,2.7178484978181405,5.725973895078564,11.750153107341095
1714.1025641025642,2.864239048931402,6.455731929881721,12.22362466280439
1715.3846153846155,2.936147727446906,5.760054270719122,11.063903581239321
1716.6666666666667,3.090030435318751,6.007417528467379,11.742840182786704
1717.948717948718,3.160688604114876,5.727133447884888,11.064871843640857
1719.2307692307693,2.8421627937471707,5.721508923367147,11.88108146083133
1720.5128205128206,3.0471736546769397,5.276745879785927,11.413844755405561
1721.7948717948718,2.529155440455651,5.356849998430791,11.830342605428548
1723.076923076923,2.8034141214006065,5.5482916305175545,10.679152260043546
1724.3589743589744,1.893093406242076,5.850085428298421,10.628629821932158
1725.6410256410256,3.1044994995579667,5.488538426780913,10.24530858518237
1726.9230769230771,2.4268393863482856,5.881910290457771,10.643904427893446
1728.2051282051284,2.6933107703270314,5.304886269919386,11.205866464243615
1729.4871794871797,2.3444406812629404,5.482974646705609,10.38917125130177
1730.769230769231,2.4226355457149653,5.638158906352983,10.777330824328459
1732.0512820512822,2.301990046622997,5.6973126435873835,10.042134041049566
1733.3333333333335,2.8782165133406887,5.693638566333878,10.862002129939357
1734.6153846153848,2.7837505743023576,4.726801463717076,10.340897205164278
1735.897435897436,2.5165190324530666,5.045990248510763,10.729478635392399
1737.1794871794873,2.5208793520462383,5.433300983102536,10.29997644021584
1738.4615384615386,2.7688383095642086,5.925750259645161,10.954620759740225
1739.7435897435898,2.3626116969845565,5.688975807522796,10.897693740889672
1741.025641025641,2.9526061097720055,5.153878020847479,10.761006891295777
1742.3076923076924,2.940801237091627,5.088151885142952,10.497038882613085
1743.5897435897436,2.3816306116312917,5.058379744751234,10.9551784399836
1744.871794871795,2.9162356620623067,5.045154283877783,10.719610824240204
1746.1538461538462,2.5629978398204285,4.876717688379879,10.246546247675887
1747.4358974358975,2.6126991337145973,5.068911066522555,10.742218899450819
1748.7179487179487,2.4759269164557858,5.414329186162119,10.011295337104048
1750.0,2.185251825947824,5.621656432689268,10.133464752510395
1751.2820512820515,2.4172517241927465,4.931239497524442,10.716807930391711
1752.5641025641028,2.9217703224232174,5.518938761539931,10.488454632340956
1753.846153846154,2.938017923627017,5.396831105994022,9.727739577637507
1755.1282051282053,2.8845189682946035,5.066661424178294,10.269450709443005
1756.4102564102566,2.3713000182997104,5.270849280330766,9.84398369856481
1757.6923076923078,2.554527888343868,4.914006160876099,10.89485877935231
1758.9743589743591,2.1639602059512675,5.158628126599227,10.25371969204267
1760.2564102564104,2.7380157837772017,4.842911041301177,10.240416291203818
1761.5384615384617,2.270197468207484,4.979617745532179,10.237333533226401
1762.820512820513,2.5371521987255,4.959464675299993,10.746913552122301
1764.1025641025642,2.8181522497470697,5.164257761683117,10.091105087798981
1765.3846153846155,2.4727202107689648,5.163638043105523,10.366704873215058
1766.6666666666667,2.2822639309487416,4.431366740690239,10.263155727292203
1767.948717948718,2.4356188428808827,5.501870528762174,10.258785089454925
1769.2307692307693,2.7047047106585422,5.088423154784817,10.543474250184953
1770.5128205128206,2.5466987549275966,5.117043548045692,10.159558799254652
1771.7948717948718,2.432490617818908,4.887829932566912,10.1361008732781
1773.076923076923,2.7986638778099016,4.872890478787887,10.214567183098302
1774.3589743589744,2.3547515441425118,5.397173552226005,10.840637729242122
1775.6410256410256,2.9446019419017175,5.441567534395422,10.361670364899581
1776.9230769230771,2.538969913213617,5.369899435172922,10.542166789140081
1778.2051282051284,2.910595771275171,5.364306681754703,10.400284900749465
1779.4871794871797,2.4748063964966613,5.681968806312207,10.528331989683975
1780.769230769231,2.7264444291182137,4.904981199116371,10.602144192412034
1782.0512820512822,3.0982835854221307,4.83046784333983,10.257082425002856
1783.3333333333335,2.5171251140215225,5.10397775551319,10.41578295447298
1784.6153846153848,2.2517228048230864,4.988389898523912,10.588020246193857
1785.897435897436,2.7132898126391987,5.101710133931696,10.800679214137196
1787.1794871794873,2.3602584994090767,5.099636144072033,9.919124218176023
1788.4615384615386,2.398971532759065,5.3804030909888985,10.512678465290755
1789.7435897435898,2.707567649871603,4.591386564816303,10.394050728899176
1791.025641025641,2.9132773682706667,5.1147382656339655,10.021211819181804
1792.3076923076924,2.807857296535362,4.850391595678665,10.465641179018066
1793.5897435897436,2.6951032582599743,4.79465242350978,10.187017534802132
1794.871794871795,2.3349608200875926,4.927739660551344,9.76269153710336
1796.1538461538462,2.4432756431314315,5.500489084512532,10.278034996108612
1797.4358974358975,2.4636254299171245,5.176854024767589,9.485936413019193
1798.7179487179487,2.384202815666363,5.1171896563651025,10.177981368421172
1800.0,2.1742158733296226,5.047466712422107,10.368051494292406
